{
  "schema_version": 1,
  "gate": "consistency_smoke",
  "strict": true,
  "overall_pass": true,
  "thresholds": {
    "sample_cap": 1500,
    "trust_gap": 0.02,
    "recall_gap": 0.05,
    "pairwise_min_overlap": 0.4
  },
  "failures": [],
  "timestamp_unix": 1775034834,
  "details": {
    "impls": [
      "python_umap_learn",
      "rust_umap"
    ],
    "datasets": {
      "breast_cancer": {
        "runs": {
          "python_umap_learn": {
            "fit_mean_sec": 0.16366123180050635,
            "fit_std_sec": 0.0001938674736998921,
            "process_max_rss_mb": 244.98046875
          },
          "rust_umap": {
            "fit_mean_sec": 0.118710817,
            "fit_std_sec": 0.000172875,
            "process_max_rss_mb": 4.734375
          }
        },
        "consistency": {
          "sample_size_for_consistency": 569,
          "trustworthiness_at_15": {
            "python_umap_learn": 0.9179103068382506,
            "rust_umap": 0.916365278931184
          },
          "original_knn_recall_at_15": {
            "python_umap_learn": 0.3978910369068553,
            "rust_umap": 0.4100761570005869
          },
          "pairwise": {
            "python_umap_learn__vs__rust_umap": {
              "procrustes_disparity": 0.17168183087285732,
              "knn_overlap_at_15": 0.5439953134153491
            }
          }
        }
      },
      "digits": {
        "runs": {
          "python_umap_learn": {
            "fit_mean_sec": 0.4989584171999013,
            "fit_std_sec": 0.0020836655988769235,
            "process_max_rss_mb": 248.0546875
          },
          "rust_umap": {
            "fit_mean_sec": 0.337006317,
            "fit_std_sec": 0.00085088,
            "process_max_rss_mb": 7.93359375
          }
        },
        "consistency": {
          "sample_size_for_consistency": 1500,
          "trustworthiness_at_15": {
            "python_umap_learn": 0.970597216580155,
            "rust_umap": 0.965140540133905
          },
          "original_knn_recall_at_15": {
            "python_umap_learn": 0.44719999999999965,
            "rust_umap": 0.44808888888888887
          },
          "pairwise": {
            "python_umap_learn__vs__rust_umap": {
              "procrustes_disparity": 0.9261293966639202,
              "knn_overlap_at_15": 0.6282666666666653
            }
          }
        }
      }
    },
    "config": {
      "seed": 42,
      "warmup": 1,
      "repeats": 5,
      "sample_cap": 1500,
      "thread_env": {
        "OMP_NUM_THREADS": "1",
        "OPENBLAS_NUM_THREADS": "1",
        "MKL_NUM_THREADS": "1",
        "BLIS_NUM_THREADS": "1",
        "NUMBA_NUM_THREADS": "1",
        "VECLIB_MAXIMUM_THREADS": "1",
        "NUMEXPR_NUM_THREADS": "1",
        "PYTHONHASHSEED": "0"
      },
      "requires_r": false
    }
  }
}
