{
  "schema_version": 1,
  "gate": "ann_e2e_smoke",
  "strict": true,
  "overall_pass": true,
  "thresholds": {
    "sample_cap": 1200,
    "trust_gap": 0.03,
    "recall_gap": 0.08,
    "pairwise_min_overlap": 0.35
  },
  "failures": [],
  "timestamp_unix": 1775034918,
  "details": {
    "impls": [
      "python_umap_learn",
      "rust_umap"
    ],
    "datasets": {
      "breast_cancer": {
        "runs": {
          "python_umap_learn": {
            "elapsed_mean_sec": 4.622110954199161,
            "elapsed_std_sec": 0.03750050590102561,
            "max_rss_mean_mb": 254.31953125,
            "max_rss_std_mb": 0.15660896266657282,
            "elapsed_samples_sec": [
              4.580212313001539,
              4.58138443200005,
              4.668407436998677,
              4.660450069997751,
              4.620100518997788
            ],
            "max_rss_samples_mb": [
              254.09375,
              254.53125,
              254.203125,
              254.43359375,
              254.3359375
            ]
          },
          "rust_umap": {
            "elapsed_mean_sec": 0.13128936900102417,
            "elapsed_std_sec": 0.0038162481022723993,
            "max_rss_mean_mb": 4.5,
            "max_rss_std_mb": 0.0,
            "elapsed_samples_sec": [
              0.13650240800052416,
              0.13524636000147439,
              0.1293743620008172,
              0.12765038300130982,
              0.1276733320009953
            ],
            "max_rss_samples_mb": [
              4.5,
              4.5,
              4.5,
              4.5,
              4.5
            ]
          }
        },
        "consistency": {
          "sample_size_for_consistency": 569,
          "trustworthiness_at_15": {
            "python_umap_learn": 0.9212469233558864,
            "rust_umap": 0.9185669436987539
          },
          "original_knn_recall_at_15": {
            "python_umap_learn": 0.4096074985354433,
            "rust_umap": 0.40609256004686684
          },
          "pairwise": {
            "python_umap_learn__vs__rust_umap": {
              "procrustes_disparity": 0.10289297203278544,
              "knn_overlap_at_15": 0.6482718219097856
            }
          }
        }
      },
      "digits": {
        "runs": {
          "python_umap_learn": {
            "elapsed_mean_sec": 5.721525331000157,
            "elapsed_std_sec": 0.0904834400531864,
            "max_rss_mean_mb": 278.81796875,
            "max_rss_std_mb": 0.10863589559855434,
            "elapsed_samples_sec": [
              5.73730692800018,
              5.887204426999233,
              5.69976276899979,
              5.644154908000928,
              5.639197623000655
            ],
            "max_rss_samples_mb": [
              278.82421875,
              278.98828125,
              278.65234375,
              278.77734375,
              278.84765625
            ]
          },
          "rust_umap": {
            "elapsed_mean_sec": 0.44925165879976703,
            "elapsed_std_sec": 0.007473222520307275,
            "max_rss_mean_mb": 6.925,
            "max_rss_std_mb": 0.06123724356957945,
            "elapsed_samples_sec": [
              0.4496046069980366,
              0.46201420400029747,
              0.43877320700266864,
              0.4491503469980671,
              0.4467159289997653
            ],
            "max_rss_samples_mb": [
              6.875,
              6.875,
              7.0,
              7.0,
              6.875
            ]
          }
        },
        "consistency": {
          "sample_size_for_consistency": 1200,
          "trustworthiness_at_15": {
            "python_umap_learn": 0.9646037005569716,
            "rust_umap": 0.9637424242424243
          },
          "original_knn_recall_at_15": {
            "python_umap_learn": 0.46244444444444244,
            "rust_umap": 0.4616666666666656
          },
          "pairwise": {
            "python_umap_learn__vs__rust_umap": {
              "procrustes_disparity": 0.9600404623023404,
              "knn_overlap_at_15": 0.6766111111111095
            }
          }
        }
      }
    },
    "config": {
      "seed": 42,
      "warmup": 1,
      "repeats": 5,
      "sample_cap": 1200,
      "thread_env": {
        "OMP_NUM_THREADS": "1",
        "OPENBLAS_NUM_THREADS": "1",
        "MKL_NUM_THREADS": "1",
        "BLIS_NUM_THREADS": "1",
        "NUMBA_NUM_THREADS": "1",
        "VECLIB_MAXIMUM_THREADS": "1",
        "NUMEXPR_NUM_THREADS": "1",
        "PYTHONHASHSEED": "0"
      },
      "timing_mode": "e2e_default_ann"
    }
  }
}
