{
  "iris": {
    "shape_train": [
      120,
      4
    ],
    "shape_query": [
      30,
      4
    ],
    "status": {
      "impl_failure_asymmetry": false,
      "train_inverse_asymmetry": false,
      "query_inverse_asymmetry": false
    },
    "rust": {
      "fit_time_sec": 0.02669111,
      "inverse_train_time_sec": 0.00030085,
      "transform_query_time_sec": 0.001857563,
      "inverse_query_time_sec": 0.002334924,
      "train_rmse": 0.0,
      "train_mae": 0.0,
      "query_rmse": 0.333068669,
      "query_mae": 0.229326978,
      "status": "ok",
      "train_inverse_status": "ok",
      "query_inverse_status": "ok"
    },
    "python_umap_learn": {
      "status": "ok",
      "fit_time_sec": 2.4886053840018576,
      "inverse_train_time_sec": 0.48481023799831746,
      "transform_query_time_sec": 1.4342293400004564,
      "inverse_query_time_sec": 0.21808870300083072,
      "train_inverse_status": "ok",
      "query_inverse_status": "ok",
      "train_rmse": 0.20767351984977722,
      "train_mae": 0.13992926478385925,
      "query_rmse": 0.6770420074462891,
      "query_mae": 0.43384847044944763
    },
    "delta_rust_minus_python": {
      "query_rmse": -0.3439733384462891,
      "query_mae": -0.20452149244944764
    }
  },
  "breast_cancer": {
    "shape_train": [
      455,
      30
    ],
    "shape_query": [
      114,
      30
    ],
    "status": {
      "impl_failure_asymmetry": false,
      "train_inverse_asymmetry": false,
      "query_inverse_asymmetry": false
    },
    "rust": {
      "fit_time_sec": 0.097833056,
      "inverse_train_time_sec": 0.004010109,
      "transform_query_time_sec": 0.008717309,
      "inverse_query_time_sec": 0.019892687,
      "train_rmse": 0.0,
      "train_mae": 0.0,
      "query_rmse": 0.600811481,
      "query_mae": 0.419091195,
      "status": "ok",
      "train_inverse_status": "ok",
      "query_inverse_status": "ok"
    },
    "python_umap_learn": {
      "status": "ok",
      "fit_time_sec": 0.16082795699912822,
      "inverse_train_time_sec": 0.7657177590008359,
      "transform_query_time_sec": 0.044903082998644095,
      "inverse_query_time_sec": 0.3705209100007778,
      "train_inverse_status": "ok",
      "query_inverse_status": "ok",
      "train_rmse": 0.6443268060684204,
      "train_mae": 0.41260939836502075,
      "query_rmse": 0.8051761388778687,
      "query_mae": 0.5114175081253052
    },
    "delta_rust_minus_python": {
      "query_rmse": -0.20436465787786862,
      "query_mae": -0.09232631312530515
    }
  },
  "digits": {
    "shape_train": [
      1437,
      64
    ],
    "shape_query": [
      360,
      64
    ],
    "status": {
      "impl_failure_asymmetry": false,
      "train_inverse_asymmetry": false,
      "query_inverse_asymmetry": false
    },
    "rust": {
      "fit_time_sec": 0.338216394,
      "inverse_train_time_sec": 0.041362673,
      "transform_query_time_sec": 0.03698869,
      "inverse_query_time_sec": 0.129616096,
      "train_rmse": 0.0,
      "train_mae": 0.0,
      "query_rmse": 0.602414966,
      "query_mae": 0.375853747,
      "status": "ok",
      "train_inverse_status": "ok",
      "query_inverse_status": "ok"
    },
    "python_umap_learn": {
      "status": "ok",
      "fit_time_sec": 0.8581444739975268,
      "inverse_train_time_sec": 3.5313843930016446,
      "transform_query_time_sec": 0.27218580399858183,
      "inverse_query_time_sec": 1.186031842000375,
      "train_inverse_status": "ok",
      "query_inverse_status": "ok",
      "train_rmse": 0.7409500479698181,
      "train_mae": 0.4120901823043823,
      "query_rmse": 0.6987244486808777,
      "query_mae": 0.42779770493507385
    },
    "delta_rust_minus_python": {
      "query_rmse": -0.09630948268087769,
      "query_mae": -0.05194395793507384
    }
  },
  "california_housing": {
    "shape_train": [
      2400,
      8
    ],
    "shape_query": [
      600,
      8
    ],
    "status": {
      "impl_failure_asymmetry": false,
      "train_inverse_asymmetry": false,
      "query_inverse_asymmetry": false
    },
    "rust": {
      "fit_time_sec": 0.561947617,
      "inverse_train_time_sec": 0.117275184,
      "transform_query_time_sec": 0.055060013,
      "inverse_query_time_sec": 0.115177318,
      "train_rmse": 0.0,
      "train_mae": 0.0,
      "query_rmse": 0.700136304,
      "query_mae": 0.232651472,
      "status": "ok",
      "train_inverse_status": "ok",
      "query_inverse_status": "ok"
    },
    "python_umap_learn": {
      "status": "ok",
      "fit_time_sec": 2.0487721729987243,
      "inverse_train_time_sec": 1.3929005319987482,
      "transform_query_time_sec": 0.6825553649978247,
      "inverse_query_time_sec": 0.7914963309995073,
      "train_inverse_status": "ok",
      "query_inverse_status": "ok",
      "train_rmse": 0.5118116140365601,
      "train_mae": 0.18200990557670593,
      "query_rmse": 0.7146791815757751,
      "query_mae": 0.2471340447664261
    },
    "delta_rust_minus_python": {
      "query_rmse": -0.014542877575775104,
      "query_mae": -0.014482572766426088
    }
  }
}
