{
  "config": {
    "seed": 42,
    "warmup": 1,
    "repeats": 3,
    "dataset_type": "real",
    "n_neighbors": 15,
    "n_components": 2,
    "n_epochs": 200,
    "init": "random",
    "metric": "euclidean",
    "ensure_ann_coverage": true,
    "datasets": [
      {
        "name": "breast_cancer",
        "n_samples_original": 569,
        "n_samples_used": 569,
        "n_features": 30
      },
      {
        "name": "digits",
        "n_samples_original": 1797,
        "n_samples_used": 1797,
        "n_features": 64
      },
      {
        "name": "california_housing",
        "n_samples_original": 20640,
        "n_samples_used": 15000,
        "n_features": 8
      }
    ],
    "thread_env": {
      "OMP_NUM_THREADS": "1",
      "OPENBLAS_NUM_THREADS": "1",
      "MKL_NUM_THREADS": "1",
      "BLIS_NUM_THREADS": "1",
      "NUMBA_NUM_THREADS": "1",
      "VECLIB_MAXIMUM_THREADS": "1",
      "NUMEXPR_NUM_THREADS": "1",
      "PYTHONHASHSEED": "0"
    }
  },
  "groups": {
    "e2e_mixed_knn_strategy": {
      "breast_cancer": {
        "speed_and_memory": {
          "python_umap_learn": {
            "elapsed_mean_sec": 4.695899576666609,
            "elapsed_std_sec": 0.062474508483421384,
            "max_rss_mean_mb": 254.2421875,
            "max_rss_std_mb": 0.2762320000263215,
            "elapsed_samples_sec": [
              4.625305399000354,
              4.777206913000555,
              4.685186417998921
            ],
            "max_rss_samples_mb": [
              254.22265625,
              254.58984375,
              253.9140625
            ]
          },
          "rust_umap_py": {
            "elapsed_mean_sec": 0.9445778886668753,
            "elapsed_std_sec": 0.0012301928127319904,
            "max_rss_mean_mb": 37.708333333333336,
            "max_rss_std_mb": 0.07076915750886037,
            "elapsed_samples_sec": [
              0.9447926659995574,
              0.9429753529984737,
              0.9459656470025948
            ],
            "max_rss_samples_mb": [
              37.8046875,
              37.68359375,
              37.63671875
            ]
          }
        },
        "consistency": {
          "sample_size_for_consistency": 569,
          "trustworthiness_at_15": {
            "python_umap_learn": 0.914865528925283,
            "rust_umap_py": 0.91437476797758
          },
          "original_knn_recall_at_15": {
            "python_umap_learn": 0.4080843585237268,
            "rust_umap_py": 0.4051552431165797
          },
          "pairwise": {
            "python_umap_learn__vs__rust_umap_py": {
              "procrustes_disparity": 0.07047840827923094,
              "knn_overlap_at_15": 0.5730521382542477
            }
          }
        },
        "knn_strategy": {
          "equivalence": "strict_exact",
          "note": "Both implementations used exact kNN for this dataset.",
          "python_umap_learn": {
            "strategy": "exact",
            "force_approximation_algorithm": false
          },
          "rust_umap_py": {
            "strategy": "exact",
            "use_approximate_knn": true,
            "approx_knn_threshold": 4096
          }
        }
      },
      "digits": {
        "speed_and_memory": {
          "python_umap_learn": {
            "elapsed_mean_sec": 5.727517618334484,
            "elapsed_std_sec": 0.02767429098716877,
            "max_rss_mean_mb": 278.98828125,
            "max_rss_std_mb": 0.09584253239363513,
            "elapsed_samples_sec": [
              5.694789996003237,
              5.762468431003072,
              5.725294427997142
            ],
            "max_rss_samples_mb": [
              278.8984375,
              278.9453125,
              279.12109375
            ]
          },
          "rust_umap_py": {
            "elapsed_mean_sec": 5.206507142999423,
            "elapsed_std_sec": 0.02077510529492602,
            "max_rss_mean_mb": 40.5078125,
            "max_rss_std_mb": 0.060766989008218926,
            "elapsed_samples_sec": [
              5.181930490998639,
              5.232738160000736,
              5.2048527779988945
            ],
            "max_rss_samples_mb": [
              40.55078125,
              40.421875,
              40.55078125
            ]
          }
        },
        "consistency": {
          "sample_size_for_consistency": 1200,
          "trustworthiness_at_15": {
            "rust_umap_py": 0.9665102426130463,
            "python_umap_learn": 0.9679936750684415
          },
          "original_knn_recall_at_15": {
            "rust_umap_py": 0.4689444444444435,
            "python_umap_learn": 0.46211111111111014
          },
          "pairwise": {
            "python_umap_learn__vs__rust_umap_py": {
              "procrustes_disparity": 0.6929029694770161,
              "knn_overlap_at_15": 0.69122222222222
            }
          }
        },
        "knn_strategy": {
          "equivalence": "strict_exact",
          "note": "Both implementations used exact kNN for this dataset.",
          "python_umap_learn": {
            "strategy": "exact",
            "force_approximation_algorithm": false
          },
          "rust_umap_py": {
            "strategy": "exact",
            "use_approximate_knn": true,
            "approx_knn_threshold": 4096
          }
        }
      },
      "california_housing": {
        "speed_and_memory": {
          "python_umap_learn": {
            "elapsed_mean_sec": 12.990517071000795,
            "elapsed_std_sec": 0.06962539565050567,
            "max_rss_mean_mb": 350.8255208333333,
            "max_rss_std_mb": 0.22603056568363467,
            "elapsed_samples_sec": [
              12.901213966000796,
              12.999248432002787,
              13.071088814998802
            ],
            "max_rss_samples_mb": [
              351.14453125,
              350.6484375,
              350.68359375
            ]
          },
          "rust_umap_py": {
            "elapsed_mean_sec": 27.839426331001352,
            "elapsed_std_sec": 0.11533241270641212,
            "max_rss_mean_mb": 67.68880208333333,
            "max_rss_std_mb": 0.02597648091570313,
            "elapsed_samples_sec": [
              27.709712804000446,
              27.98991690100229,
              27.818649288001325
            ],
            "max_rss_samples_mb": [
              67.65234375,
              67.703125,
              67.7109375
            ]
          }
        },
        "consistency": {
          "sample_size_for_consistency": 1200,
          "trustworthiness_at_15": {
            "python_umap_learn": 0.9650725951099783,
            "rust_umap_py": 0.9606703955442273
          },
          "original_knn_recall_at_15": {
            "python_umap_learn": 0.4181111111111092,
            "rust_umap_py": 0.41738888888888587
          },
          "pairwise": {
            "python_umap_learn__vs__rust_umap_py": {
              "procrustes_disparity": 0.5934413435763967,
              "knn_overlap_at_15": 0.5395000000000005
            }
          }
        },
        "knn_strategy": {
          "equivalence": "not_equivalent",
          "note": "Python path stays exact (force_approximation_algorithm=False), while rust_umap_py switched to ANN because n_samples exceeded approx_knn_threshold.",
          "python_umap_learn": {
            "strategy": "exact",
            "force_approximation_algorithm": false
          },
          "rust_umap_py": {
            "strategy": "approximate_ann",
            "use_approximate_knn": true,
            "approx_knn_threshold": 4096
          }
        }
      }
    },
    "algo_exact_shared_knn_exact": {
      "breast_cancer": {
        "fit_timing_and_process_memory": {
          "python_umap_learn": {
            "fit_mean_sec": 0.1635751900006047,
            "fit_std_sec": 0.00034815621822829754,